usefulness_for_prototyping,compatibility,documentation_quality,review_text,performance_and_efficiency,abstraction_layers,learning_curve,suitability_for_production,update_frequency_and_stability,customization_and_control,flexibility,alternatives
Langchain is great for quick demos and experimentation.,Its support for specific use cases like using quantized models with llama cpp is a plus.,"The documentation is horrendous, making it difficult to understand the framework.","Langchain is great for quick demos and experimentation. Its support for specific use cases like using quantized models with llama cpp is a plus. However, the documentation is horrendous, making it difficult to understand the framework.",,,,,,,,
,,,"While Langchain provides useful abstractions for specific use cases, its performance is slow and resource-intensive. Simple tasks take longer than they should, which is a significant drawback.","its performance is slow and resource-intensive. Simple tasks take longer than they should, which is a significant drawback.","Langchain provides useful abstractions for specific use cases,",,,,,,
"Langchain allows for easy switching between components like vector datastores or embeddings, making prototyping easy.",,,"Langchain allows for easy switching between components like vector datastores or embeddings, making prototyping easy. But its unnecessary abstractions make simple tasks overly complex.",,Its unnecessary abstractions make simple tasks overly complex.,,,,,,
,,,"Great for beginners, Langchain helps newcomers get started with LLMs. However, the high-level abstractions add complexity, making it less suitable for production applications.",,"The high-level abstractions add complexity, making it less suitable for production applications.",Langchain helps newcomers get started with LLMs.,It's less suitable for production due to added complexity from abstractions.,,,,
,,,Prolego advises against using Langchain for most teams due to its constant flux and lack of standards. They recommend building your own interfaces instead of relying on a third-party framework.,,,,,Langchain is in constant flux and lacks standards.,They recommend building your own interfaces instead of relying on a third-party framework.,,
"Langchain is useful for proof of concepts, enabling quick builds with minimal lines of code.",,poor documentation adding to the complexity,"Langchain is useful for proof of concepts, enabling quick builds with minimal lines of code. However, it is over-engineered and not intuitive, with poor documentation adding to the complexity.",,it is over-engineered and not intuitive,,,,,,
,,,"Langchain's abstractions for specific use cases are beneficial. However, the inconsistent behavior of methods like `.call()`, `.invoke()`, and `.run()` is confusing and inefficient.","The inconsistent behavior of methods like `.call()`, `.invoke()`, and `.run()` is confusing and inefficient.",Langchain's abstractions for specific use cases are beneficial.,,,,,,
,,,"Despite its ease of switching components, Langchain is not suitable for production applications. It introduces unnecessary abstractions and indirection, complicating simple tasks.",,"It introduces unnecessary abstractions and indirection, complicating simple tasks",,Langchain is not suitable for production applications,,,Despite its ease of switching components,
"Langchain is good for quick prototypes, allowing developers to get started with LLMs without deep expertise.",,"The documentation is lacking, making it hard to find necessary information.","Langchain is good for quick prototypes, allowing developers to get started with LLMs without deep expertise. However, the documentation is lacking, making it hard to find necessary information.",,,"Langchain is good for quick prototypes, allowing developers to get started with LLMs without deep expertise.",,,,,
,,,"Users appreciate Langchain's ability to swap components easily, but the high-level abstractions lead to a lack of control and added complexity, making it less practical for production.",,,,"High-level abstractions add complexity, making it less practical for production.",,High-level abstractions lead to a lack of control.,Users appreciate Langchain's ability to swap components easily.,
"Langchain is beneficial for quick demos, especially with support for quantized models like llama cpp.",Langchain supports quantized models like llama cpp.,,"Langchain is beneficial for quick demos, especially with support for quantized models like llama cpp. However, performance issues and slow, resource-intensive tasks are significant drawbacks.","Performance issues and slow, resource-intensive tasks are significant drawbacks.",,,,,,,
,,,Prolego suggests reviewing open-source code and learning from thought leaders instead of using Langchain. Building custom interfaces to LLMs is easier and more stable than dealing with Langchain's constant updates.,,,,,Langchain's constant updates make it less stable.,Building custom interfaces to LLMs is easier and more stable than dealing with Langchain's constant updates.,,Prolego suggests reviewing open-source code and learning from thought leaders instead of using Langchain.
Langchain is great for proof of concepts with minimal lines of code.,The framework has non-intuitive integrations.,The framework has poor documentation.,"Langchain is great for proof of concepts with minimal lines of code. However, the framework is over-engineered, with poor documentation and non-intuitive integrations.",,,,,,The framework is over-engineered.,,
,,,"Good for beginners, Langchain provides a quick start with its extensive Python library. However, its high-level abstractions often lead to added complexity and control issues in production environments.",,Its high-level abstractions often lead to added complexity and control issues in production environments.,"Good for beginners, Langchain provides a quick start with its extensive Python library.",Its high-level abstractions often lead to added complexity and control issues in production environments.,,,,
,,"The documentation is horrendous and often incorrect, making it difficult to understand and use the framework effectively.","While Langchain's abstractions support specific use cases, its documentation is horrendous and often incorrect, making it difficult to understand and use the framework effectively.",,Langchain's abstractions support specific use cases.,,,,,,
,,,"Langchain's performance is slow and resource-intensive, making simple tasks take longer than necessary. The framework is not recommended for production applications due to its inefficiency.","Langchain's performance is slow and resource-intensive, making simple tasks take longer than necessary.",,,The framework is not recommended for production applications due to its inefficiency.,,,,
,,,"Langchain allows easy swapping of components like vector databases and memory solutions, which is great for experimentation. However, unnecessary abstractions complicate simple tasks.",,Unnecessary abstractions complicate simple tasks.,,,,,"Langchain allows easy swapping of components like vector databases and memory solutions, which is great for experimentation.",
,,,"Prolego advises against using Langchain for most development teams. Instead, they recommend building custom interfaces to LLMs for easier and more stable solutions.",,,,Prolego advises against using Langchain for most development teams.,,"Instead, they recommend building custom interfaces to LLMs for easier and more stable solutions.",,
"Langchain is useful for quick prototypes, enabling developers to get started with LLMs without deep expertise.",,,"Langchain is useful for quick prototypes, enabling developers to get started with LLMs without deep expertise. However, the rapid pace of updates makes it hard to maintain compatibility.",,,,,The rapid pace of updates makes it hard to maintain compatibility.,,,
